<?xml version="1.0" encoding="UTF-8"?>
<Configuration status="WARN" monitorInterval="30">
    <Properties>
        <Property name="LOG_PATTERN">[%-5level] %d{yyyy-MM-dd HH:mm:ss.SSS} [%t] %c{1} - %msg %n</Property>
<!--        <Property name="app.log.dir">c:/temp</Property>-->
    </Properties>
    <Appenders>
        <Console name="Console" target="SYSTEM_OUT" follow="false">
            <PatternLayout pattern="${LOG_PATTERN}" />
        </Console>

        <RollingFile name="appLog"
                     fileName="${sys:app.log.dir}/locationApiDemoApp/application.log"
                     filePattern="${sys:app.log.dir}/locationApiDemoApp/application-%d{yyyy-MM-dd}-%i.log">
            <PatternLayout pattern="${LOG_PATTERN}" />
            <Policies>
                <SizeBasedTriggeringPolicy size="19500KB" />
            </Policies>
            <DefaultRolloverStrategy max="1" />
        </RollingFile>

    </Appenders>
    <Loggers>

        <Logger name="com.xoriant.locationapidemo" additivity="false">
            <AppenderRef ref="appLog" />
        </Logger>

        <Root level="info">
            <AppenderRef ref="appLog" />
        </Root>
    </Loggers>
</Configuration>